{
	"0": [
		54.052,
		64.1876,
		"driving",
		20
	],
	"1": [
		54.1152815637988,
		64.26520064371249,
		"driving",
		20
	],
	"2": [
		54.17852317048866,
		64.34283049681275,
		"driving",
		20
	],
	"3": [
		54.24168486296063,
		64.42051876868847,
		"driving",
		20
	],
	"4": [
		54.304726684105766,
		64.49829466872745,
		"driving",
		20
	],
	"5": [
		54.36760867681513,
		64.5761874063174,
		"driving",
		20
	],
	"6": [
		54.43029088397977,
		64.65422619084609,
		"driving",
		20
	],
	"7": [
		54.49273334849076,
		64.73244023170126,
		"driving",
		20
	],
	"8": [
		54.554896113239124,
		64.81085873827064,
		"driving",
		20
	],
	"9": [
		54.61673922111594,
		64.889510919942,
		"driving",
		20
	],
	"10": [
		54.67822271501227,
		64.96842598610306,
		"driving",
		20
	],
	"11": [
		54.73930663781915,
		65.04763314614158,
		"driving",
		20
	],
	"12": [
		54.79995103242764,
		65.12716160944532,
		"driving",
		20
	],
	"13": [
		54.86011594172881,
		65.207040585402,
		"driving",
		20
	],
	"14": [
		54.91976140861371,
		65.28729928339939,
		"driving",
		20
	],
	"15": [
		54.97884747597339,
		65.36796691282521,
		"driving",
		20
	],
	"16": [
		55.03733418669891,
		65.44907268306721,
		"driving",
		20
	],
	"17": [
		55.09518158368132,
		65.53064580351318,
		"driving",
		20
	],
	"18": [
		55.15234970981169,
		65.6127154835508,
		"driving",
		20
	],
	"19": [
		55.20879860798106,
		65.69531093256788,
		"driving",
		20
	],
	"20": [
		55.2644883210805,
		65.7784613599521,
		"driving",
		20
	],
	"21": [
		55.31937889200106,
		65.86219597509125,
		"driving",
		20
	],
	"22": [
		55.373430363633794,
		65.94654398737309,
		"driving",
		20
	],
	"23": [
		55.426623558758834,
		66.03151877887065,
		"driving",
		20
	],
	"24": [
		55.47906546493267,
		66.1170376363599,
		"driving",
		20
	],
	"25": [
		55.530910428798656,
		66.20298177485681,
		"driving",
		20
	],
	"26": [
		55.58231288140821,
		66.28923234508675,
		"driving",
		20
	],
	"27": [
		55.63342725381274,
		66.37567049777503,
		"driving",
		20
	],
	"28": [
		55.684407977063636,
		66.46217738364702,
		"driving",
		20
	],
	"29": [
		55.73540948221231,
		66.54863415342803,
		"driving",
		20
	],
	"30": [
		55.786586200310175,
		66.63492195784343,
		"driving",
		20
	],
	"31": [
		55.83809256240862,
		66.72092194761855,
		"driving",
		20
	],
	"32": [
		55.890082999559056,
		66.80651527347872,
		"driving",
		20
	],
	"33": [
		55.94271194281289,
		66.8915830861493,
		"driving",
		20
	],
	"34": [
		55.99613382322153,
		66.97600653635564,
		"driving",
		20
	],
	"35": [
		56.05050307183637,
		67.05966677482304,
		"driving",
		20
	],
	"36": [
		56.105974119708804,
		67.14244495227689,
		"driving",
		20
	],
	"37": [
		56.16270139789026,
		67.22422221944251,
		"driving",
		20
	],
	"38": [
		56.220839337432125,
		67.30487972704522,
		"driving",
		20
	],
	"39": [
		56.28054236803332,
		67.38429862688425,
		"driving",
		20
	],
	"40": [
		56.34191249422046,
		67.46240169560078,
		"driving",
		20
	],
	"41": [
		56.404860306955385,
		67.53926368948696,
		"driving",
		20
	],
	"42": [
		56.4692527232344,
		67.61499404134307,
		"driving",
		20
	],
	"43": [
		56.53495666005378,
		67.68970218396943,
		"driving",
		20
	],
	"44": [
		56.6018390344098,
		67.76349755016639,
		"driving",
		20
	],
	"45": [
		56.66976676329874,
		67.83648957273424,
		"driving",
		20
	],
	"46": [
		56.73860676371688,
		67.90878768447327,
		"driving",
		20
	],
	"47": [
		56.808225952660514,
		67.98050131818383,
		"driving",
		20
	],
	"48": [
		56.87849124712592,
		68.05173990666621,
		"driving",
		20
	],
	"49": [
		56.94926956410937,
		68.12261288272074,
		"driving",
		20
	],
	"50": [
		57.02042782060715,
		68.19322967914772,
		"driving",
		20
	],
	"51": [
		57.09183293361556,
		68.26369972874747,
		"driving",
		20
	],
	"52": [
		57.16335182013085,
		68.3341324643203,
		"driving",
		20
	],
	"53": [
		57.23485139714932,
		68.40463731866654,
		"driving",
		20
	],
	"54": [
		57.30619858166726,
		68.47532372458649,
		"driving",
		20
	],
	"55": [
		57.37726029068094,
		68.54630111488045,
		"driving",
		20
	],
	"56": [
		57.447903441186625,
		68.61767892234874,
		"driving",
		20
	],
	"57": [
		57.51799495018062,
		68.6895665797917,
		"driving",
		20
	],
	"58": [
		57.58740173465921,
		68.7620735200096,
		"driving",
		20
	],
	"59": [
		57.65599071161867,
		68.8353091758028,
		"driving",
		20
	],
	"60": [
		57.72362879805527,
		68.90938297997158,
		"driving",
		20
	],
	"61": [
		57.79018291096531,
		68.98440436531627,
		"driving",
		20
	],
	"62": [
		57.855519967345046,
		69.06048276463717,
		"driving",
		20
	],
	"63": [
		57.9195562814972,
		69.13768481543394,
		"driving",
		20
	],
	"64": [
		57.9824178478046,
		69.21589549910547,
		"driving",
		20
	],
	"65": [
		58.04428628608138,
		69.294951606021,
		"driving",
		20
	],
	"66": [
		58.10534321654842,
		69.37468992619746,
		"driving",
		20
	],
	"67": [
		58.165770259426544,
		69.45494724965171,
		"driving",
		20
	],
	"68": [
		58.22574903493664,
		69.53556036640066,
		"driving",
		20
	],
	"69": [
		58.28546116329955,
		69.6163660664612,
		"driving",
		20
	],
	"70": [
		58.345088264736134,
		69.69720113985024,
		"driving",
		20
	],
	"71": [
		58.404811959467246,
		69.77790237658466,
		"driving",
		20
	],
	"72": [
		58.46481386771376,
		69.85830656668138,
		"driving",
		20
	],
	"73": [
		58.52527560969651,
		69.93825050015728,
		"driving",
		20
	],
	"74": [
		58.586378805636365,
		70.01757096702927,
		"driving",
		20
	],
	"75": [
		58.64830507575419,
		70.09610475731422,
		"driving",
		20
	],
	"76": [
		58.711236040270826,
		70.17368866102906,
		"driving",
		20
	],
	"77": [
		58.775353319407145,
		70.25015946819066,
		"driving",
		20
	],
	"78": [
		58.840838533383995,
		70.32535396881593,
		"driving",
		20
	],
	"79": [
		58.90787330242224,
		70.39910895292178,
		"driving",
		20
	],
	"80": [
		58.976639246742735,
		70.47126121052507,
		"driving",
		20
	],
	"81": [
		59.047317986566334,
		70.54164753164274,
		"driving",
		20
	],
	"82": [
		59.1200911421139,
		70.61010470629164,
		"driving",
		20
	],
	"83": [
		59.19510729396127,
		70.67648399452459,
		"driving",
		20
	],
	"84": [
		59.272332526411816,
		70.74071658242283,
		"driving",
		20
	],
	"85": [
		59.351670259384115,
		70.80276110054831,
		"driving",
		20
	],
	"86": [
		59.433023856187106,
		70.86257620425562,
		"driving",
		20
	],
	"87": [
		59.51629668012971,
		70.92012054889938,
		"driving",
		20
	],
	"88": [
		59.601392094520904,
		70.97535278983422,
		"driving",
		20
	],
	"89": [
		59.68821346266958,
		71.02823158241478,
		"driving",
		20
	],
	"90": [
		59.7766641478847,
		71.07871558199568,
		"driving",
		20
	],
	"91": [
		59.8666475134752,
		71.12676344393151,
		"driving",
		20
	],
	"92": [
		59.958066922750014,
		71.17233382357696,
		"driving",
		20
	],
	"93": [
		60.05082573901809,
		71.2153853762866,
		"driving",
		20
	],
	"94": [
		60.14482732558835,
		71.2558767574151,
		"driving",
		20
	],
	"95": [
		60.23997504576975,
		71.29376662231705,
		"driving",
		20
	],
	"96": [
		60.33617226287121,
		71.32901362634709,
		"driving",
		20
	],
	"97": [
		60.43332234020168,
		71.36157642485985,
		"driving",
		20
	],
	"98": [
		60.53132864107008,
		71.39141367320994,
		"driving",
		20
	],
	"99": [
		60.63009452878537,
		71.41848402675201,
		"driving",
		20
	],
	"100": [
		60.729523366656494,
		71.44274614084067,
		"driving",
		20
	],
	"101": [
		60.82951851799236,
		71.46415867083056,
		"driving",
		20
	],
	"102": [
		60.92998334610193,
		71.48268027207627,
		"driving",
		20
	],
	"103": [
		61.03082121429413,
		71.49826959993247,
		"driving",
		20
	],
	"104": [
		61.13193548587789,
		71.51088530975376,
		"driving",
		20
	],
	"105": [
		61.23322952416218,
		71.52048605689477,
		"driving",
		20
	],
	"106": [
		61.334608293192865,
		71.5270343533606,
		"driving",
		20
	],
	"107": [
		61.43599973033236,
		71.53054806069451,
		"driving",
		20
	],
	"108": [
		61.53734897040942,
		71.53108647424077,
		"driving",
		20
	],