{
	"0": [
		2.22771219,
		-3.02422312,
		"driving",
		20
	],
	"1": [
		3.2829,
		-1.4328,
		"driving",
		20
	],
	"2": [
		4.5481,
		0.0394,
		"driving",
		20
	],
	"3": [
		5.6634,
		1.6908,
		"driving",
		20
	],
	"4": [
		6.8305,
		3.4472,
		"driving",
		20
	],
	"5": [
		8.1715,
		4.9860,
		"driving",
		20
	],
	"6": [
		9.2123,
		6.7952,
		"driving",
		20
	],
	"7": [
		10.2696,
		7.9574,
		"driving",
		20
	],
	"8": [
		11.4308,
		9.6736,
		"driving",
		20
	],
	"9": [
		12.7792,
		11.3694,
		"driving",
		20
	],
	"10": [
		14.1463,
		12.9765,
		"driving",
		20
	],
	"11": [
		15.3444,
		14.3656,
		"driving",
		20
	],
	"12": [
		16.6189,
		15.7694,
		"driving",
		20
	],
	"13": [
		17.8623,
		17.5151,
		"driving",
		20
	],
	"14": [
		19.1634,
		19.1956,
		"driving",
		20
	],
	"15": [
		20.0718,
		20.8308,
		"driving",
		20
	],
	"16": [
		21.2766,
		22.4228,
		"driving",
		20
	],
	"17": [
		22.7468,
		23.8668,
		"driving",
		20
	],
	"18": [
		23.2629,
		25.5157,
		"driving",
		20
	],
	"19": [
		24.8014,
		27.2949,
		"driving",
		20
	],
	"20": [
		26.3448,
		28.6043,
		"driving",
		20
	],
	"21": [
		27.3584,
		30.3521,
		"driving",
		20
	],
	"22": [
		28.6025,
		31.9590,
		"driving",
		20
	],
	"23": [
		30.2611,
		33.7144,
		"driving",
		20
	],
	"24": [
		31.4584,
		35.3521,
		"driving",
		20
	],
	"25": [
		32.6161,
		36.7879,
		"driving",
		20
	],
	"26": [
		33.8466,
		38.3660,
		"driving",
		20
	]
}