{
    "1" : {
        "1" : [37.23948, 126.773225],
        "2" : [37.239439999999995, 126.7732],
        "3" : [37.23945166666667, 126.77317333333333],
        "4" : [37.239491666666666, 126.7732]
    },

    "2" : {
        "1" : [37.239439999999995, 126.7732],
        "2" : [37.2394, 126.773175],
        "3" : [37.23941333333333, 126.77314666666668],
        "4" : [37.23945166666667, 126.77317333333333]
    },

    "3" : {
        "1" : [37.23934833333333, 126.77314166666665],
        "2" : [37.239245, 126.77307333333334],
        "3" : [37.23925666666666, 126.77304333333335],
        "4" : [37.23936166666667, 126.77311333333334]
    },

    "4" : {
        "1" : [37.23919333333333, 126.77303833333332],
        "2" : [37.239153333333334, 126.77301166666666],
        "3" : [37.239165, 126.772985],
        "4" : [37.239205, 126.77301000000001]
    },

    "5" : {
        "1" : [37.239153333333334, 126.77301166666666],
        "2" : [37.23911333333333, 126.77298666666665],
        "3" : [37.239124999999994, 126.77295833333334],
        "4" : [37.239165, 126.772985]
    }

}