{
    "1" : {
        "start" : [37.23948666666667,126.77321333333333],
        "end" : [37.239446666666666,126.77318666666666]
    },

    "2" : {
        "start" : [37.239446666666666,126.77318666666666],
        "end" : [37.239405000000005,126.77316]
    },

    "3" : {
        "start" : [37.239405000000005,126.77316],
        "end" : [37.239365,126.77313166666666]
    }
}