{
    "1" : {
        "start" : [37.3651188,126.7248346],
        "end" : [37.3650749,126.724795]
    },

    "2" : {
        "start" : [37.3649736,126.7246983],
        "end" : [37.3649311,126.7246591]
    },
    "3" : {
        "start" : [37.3648299,126.7245648],
        "end" : [37.3647874,126.7245242]
    }
}