{
    "1" : {
        "1" : [37.239468333333335, 126.77323],
        "2" : [37.239445, 126.77321500000001],
        "3" : [37.23945333333334,126.77319166666666],
        "4" : [37.23947833333333,126.77320833333333]
    },

    "2" : {
        "1" : [37.23942666666667, 126.77320333333334],
        "2" : [37.2394, 126.77318666666666],
        "3" : [37.23941333333333,126.77316333333334],
        "4" : [37.23943666666666,126.77317999999998]
    },

    "3" : {
        "1" : [37.23938833333333, 126.77317833333333],
        "2" : [37.23936666666667, 126.773165],
        "3" : [37.239375, 126.77314166666665],
        "4" : [37.23939666666667, 126.77315333333333]
    }
}