{
	"0": [
		74.63074470456644,
		17.700713351341822,
		"driving",
		1
	],
	"1": [
		74.55767555264433,
		17.631551066504997,
		"driving",
		1
	],
	"2": [
		74.48163902269286,
		17.56566503824859,
		"driving",
		1
	],
	"3": [
		74.40278188565333,
		17.503182444317194,
		"driving",
		1
	],
	"4": [
		74.32125635699693,
		17.444223892912333,
		"driving",
		1
	],
	"5": [
		74.23721980290789,
		17.38890318988619,
		"driving",
		1
	],
	"6": [
		74.15083443652452,
		17.33732711906573,
		"driving",
		1
	],
	"7": [
		74.0622670048242,
		17.289595236131213,
		"driving",
		1
	],
	"8": [
		73.9716884667569,
		17.245799676446957,
		"driving",
		1
	],
	"9": [
		73.87927366324847,
		17.206024977215343,
		"driving",
		1
	],
	"10": [
		73.78520097971067,
		17.170347914297263,
		"driving",
		1
	],
	"11": [
		73.68965200170929,
		17.138837354014093,
		"driving",
		1
	],
	"12": [
		73.59281116445533,
		17.111554120217175,
		"driving",
		1
	],
	"13": [
		73.49486539679535,
		17.088550876881428,
		"driving",
		1
	],
	"14": [
		73.39600376038862,
		17.06987202644973,
		"driving",
		1
	],
	"15": [
		73.29641708476727,
		17.05555362412426,
		"driving",
		1
	],
	"16": [
		73.196297598984,
		17.045623308270276,
		"driving",
		1
	],
	"17": [
		73.09583856055835,
		17.040100247066626,
		"driving",
		1
	],
	"18": [
		72.99523388243772,
		17.03899510150603,
		"driving",
		1
	],
	"19": [
		74.65298580886133,
		17.72294357962836,
		"driving",
		1
	],
	"20": [
		74.72469284738152,
		17.79301303070323,
		"driving",
		1
	],
	"21": [
		74.7979992116346,
		17.861407506410426,
		"driving",
		1
	],
	"22": [
		74.8728657865339,
		17.928090512567305,
		"driving",
		1
	],
	"23": [
		74.9492526244896,
		17.993026468203592,
		"driving",
		1
	],
	"24": [
		75.02711896672423,
		18.056180724546838,
		"driving",
		1
	],
	"25": [
		75.10642326502082,
		18.117519583510425,
		"driving",
		1
	],
	"26": [
		75.18712320389238,
		18.177010315674327,
		"driving",
		1
	],
	"27": [
		75.26917572316073,
		18.234621177748995,
		"driving",
		1
	],
	"28": [
		75.35253704093276,
		18.290321429513064,
		"driving",
		1
	],
	"29": [
		75.43716267696169,
		18.344081350215834,
		"driving",
		1
	],
	"30": [
		75.52300747638104,
		18.39587225443578,
		"driving",
		1
	],
	"31": [
		75.61002563379854,
		18.445666507386626,
		"driving",
		1
	],
	"32": [
		75.6981707177371,
		18.49343753966282,
		"driving",
		1
	],
	"33": [
		75.78739569540994,
		18.539159861416554,
		"driving",
		1
	],
	"34": [
		75.87765295781648,
		18.582809075958693,
		"driving",
		1
	],
	"35": [
		75.96889434514577,
		18.6243618927765,
		"driving",
		1
	],
	"36": [
		76.06107117247379,
		18.663796139961036,
		"driving",
		1
	],
	"37": [
		76.15413425574086,
		18.701090776037763,
		"driving",
		1
	],
	"38": [
		76.24803393799554,
		18.736225901193905,
		"driving",
		1
	],
	"39": [
		76.34272011589076,
		18.76918276789669,
		"driving",
		1
	],
	"40": [
		76.4381422664181,
		18.799943790896712,
		"driving",
		1
	],
	"41": [
		76.5342494738661,
		18.828492556611145,
		"driving",
		1
	],
	"42": [
		76.63099045698802,
		18.854813831881756,
		"driving",
		1
	],
	"43": [
		76.72831359636476,
		18.878893572103078,
		"driving",
		1
	],
	"44": [
		76.82616696194802,
		18.90071892871638,
		"driving",
		1
	],
	"45": [
		76.92449834076943,
		18.920278256065455,
		"driving",
		1
	],
	"46": [
		77.02325526480053,
		18.937561117610542,
		"driving",
		1
	],
	"47": [
		77.12238503894879,
		18.95255829149711,
		"driving",
		1
	],
	"48": [
		77.22183476917495,
		18.96526177547647,
		"driving",
		1
	],
	"49": [
		77.32155139071635,
		18.97566479117567,
		"driving",
		1
	],
	"50": [
		77.42148169640147,
		18.983761787714297,
		"driving",
		1
	],
	"51": [
		77.52157236504041,
		18.989548444666365,
		"driving",
		1
	],
	"52": [
		77.62176998987616,
		18.993021674365597,
		"driving",
		1
	],
	"53": [
		77.72202110708164,
		18.994179623552974,
		"driving",
		1
	],
	"54": [
		77.82227222428713,
		18.993021674365597,
		"driving",
		1
	],
	"55": [
		77.92246984912288,
		18.989548444666365,
		"driving",
		1
	],
	"56": [
		78.02256051776182,
		18.983761787714297,
		"driving",
		1
	],
	"57": [
		78.12249082344694,
		18.975664791175667,
		"driving",
		1
	],
	"58": [
		78.22220744498834,
		18.96526177547647,
		"driving",
		1
	],
	"59": [
		78.3216571752145,
		18.95255829149711,
		"driving",
		1
	],
	"60": [
		78.42078694936276,
		18.937561117610542,
		"driving",
		1
	],
	"61": [
		78.51954387339386,
		18.920278256065455,
		"driving",
		1
	],
	"62": [
		78.61787525221527,
		18.90071892871638,
		"driving",
		1
	],
	"63": [
		78.71572861779853,
		18.878893572103078,
		"driving",
		1
	],
	"64": [
		78.81305175717527,
		18.854813831881756,
		"driving",
		1
	],
	"65": [
		78.9097927402972,
		18.828492556611145,
		"driving",
		1
	],
	"66": [
		79.00589994774519,
		18.799943790896712,
		"driving",
		1
	],
	"67": [
		79.10132209827253,
		18.76918276789669,
		"driving",
		1
	],
	"68": [
		79.19600827616775,
		18.736225901193905,
		"driving",
		1
	],
	"69": [
		79.28990795842243,
		18.701090776037763,
		"driving",
		1
	],
	"70": [
		79.3829710416895,
		18.663796139961036,
		"driving",
		1
	],
	"71": [
		79.47514786901752,
		18.6243618927765,
		"driving",
		1
	],
	"72": [
		79.56638925634681,
		18.582809075958693,
		"driving",
		1
	],
	"73": [
		79.65664651875335,
		18.539159861416554,
		"driving",
		1
	],
	"74": [
		79.6822033898305,
		18.552372881355932,
		"driving",
		1
	],
	"75": [
		79.59194915254237,
		18.599406779661017,
		"driving",
		1
	],
	"76": [
		79.50169491525423,
		18.6464406779661,
		"driving",
		1
	],
	"77": [
		79.4114406779661,
		18.693474576271186,
		"driving",
		1
	],
	"78": [
		79.32118644067796,
		18.74050847457627,
		"driving",
		1
	],
	"79": [
		79.23093220338983,
		18.787542372881354,
		"driving",
		1
	],
	"80": [
		79.14067796610169,
		18.83457627118644,
		"driving",
		1
	],
	"81": [
		79.05042372881356,
		18.881610169491523,
		"driving",
		1
	],
	"82": [
		78.96016949152542,
		18.92864406779661,
		"driving",
		1
	],
	"83": [
		78.86991525423728,
		18.975677966101696,
		"driving",
		1
	],
	"84": [
		78.77966101694915,
		19.02271186440678,
		"driving",
		1
	],
	"85": [
		78.68940677966101,
		19.069745762711865,
		"driving",
		1
	],
	"86": [
		78.59915254237288,
		19.11677966101695,
		"driving",
		1
	],
	"87": [
		78.50889830508474,
		19.163813559322033,
		"driving",
		1
	],
	"88": [
		78.4186440677966,
		19.210847457627118,
		"driving",
		1
	],
	"89": [
		78.32838983050847,
		19.257881355932202,
		"driving",
		1
	],
	"90": [
		78.23813559322033,
		19.304915254237287,
		"driving",
		1
	],
	"91": [
		78.1478813559322,
		19.35194915254237,
		"driving",
		1
	],
	"92": [
		78.05762711864406,
		19.398983050847455,
		"driving",
		1
	],
	"93": [
		77.96737288135593,
		19.446016949152543,
		"driving",
		1
	]
}