{
    "1" : {
        "1" : [37.2393395, 126.7732605],
        "2" : [37.2393173, 126.773262],
        "3" : [37.2393207, 126.7733141],
        "4" : [37.2393421, 126.7733134]
    },

    "2" : {
        "1" : [37.2393636, 126.7733271],
        "2" : [37.2393464, 126.773328],
        "3" : [37.2393433, 126.7732811],
        "4" : [37.2393611, 126.7732794]
    },

    "3" : {
        "1" : [37.2393664, 126.7732963],
        "2" : [37.2393838, 126.7732954],
        "3" : [37.2393871, 126.7733412],
        "4" : [37.2393697, 126.7733429]
    },

    "4" : {
        "1" : [37.2393906, 126.7733116],
        "2" : [37.2394077, 126.7733102],
        "3" : [37.2394104, 126.7733571],
        "4" : [37.2393923, 126.7733579]
    },

    "5" : {
        "1" : [37.2394134, 126.7733775],
        "2" : [37.2394351, 126.7733779],
        "3" : [37.2394332, 126.7733218],
        "4" : [37.2394121, 126.773323]
    },

    "6" : {
        "1" : [37.2394392, 126.7733891],
        "2" : [37.2394593, 126.7733917],
        "3" : [37.2394574, 126.7733392],
        "4" : [37.2394361, 126.7733366]
    }
}