{
    "1" : {
        "start" : [37.2393245,126.7732605],
        "end" : [37.2393268,126.7733137]
    },

    "2" : {
        "start" : [37.2393493,126.7732772],
        "end" : [37.2393525,126.77333]
    },

    "3" : {
        "start" : [37.2393735,126.7732931],
        "end" : [37.2393748,126.7733443]
    },
    "4" : {
        "start" : [37.2393959,126.7733091],
        "end" : [37.2393974,126.7733603]
    },

    "5" : {
        "start" : [37.2394194,126.7733239],
        "end" : [37.2394217,126.7733757]
    },

    "6" : {
        "start" : [37.239445,126.77333500000002],
        "end" : [37.239448333333335,126.77338499999999]
    }
}