{
    "1" : {
        "1" : [37.2393395, 126.7732605],
        "2" : [37.2393173, 126.773262],
        "3" : [37.2393207, 126.7733141],
        "4" : [37.2393421, 126.7733134]
    },

    "2" : {
        "1" : [37.2393636, 126.7733271],
        "2" : [37.2393464, 126.773328],
        "3" : [37.239345, 126.77326999999998],
        "4" : [37.239358333333335, 126.77326833333333]
    },

    "3" : {
        "1" : [37.23936833333333, 126.77328666666666],
        "2" : [37.23938166666667, 126.773285],
        "3" : [37.2393871, 126.7733412],
        "4" : [37.2393697, 126.7733429]
    },

    "4" : {
        "1" : [37.23939166666666, 126.77329999999999],
        "2" : [37.239405000000005, 126.77329999999999],
        "3" : [37.2394104, 126.7733571],
        "4" : [37.2393923, 126.7733579]
    },

    "5" : {
        "1" : [37.2394134, 126.7733775],
        "2" : [37.2394351, 126.7733779],
        "3" : [37.23942833333333, 126.77331666666666],
        "4" : [37.239415, 126.77331666666666]
    },

    "6" : {
        "1" : [37.2394392, 126.7733891],
        "2" : [37.2394593, 126.7733917],
        "3" : [37.23945166666667, 126.77332999999999],
        "4" : [37.23943833333333, 126.77333166666668]
    }
}