{
    "1" : {
        "start" : [37.3652737,126.7246951],
        "end" : [37.3652279,126.7247028]
    },

    "2" : {
        "start" : [37.3652506,126.7246724],
        "end" : [37.3652043,126.7246829]
    },

    "3" : {
        "start" : [37.3652268,126.7246497],
        "end" : [37.3651755,126.7246446]
    },

    "4" : {
        "start" : [37.3652032,126.7246279],
        "end" : [37.3651574,126.7246379]
    }
}